Animal,DateTime,Session,Scaled.Rank,Phenotype,Pair,Focal,Duration,DM_intake,CP_intake,CF_intake,WSC_intake,NDF_intake,DominanceCategory,Month,MonthlyFruitBiomass,FruitBiomassCategory,PE_Intake,NDF_Energy_Intake,CF_Energy_Intake,WSC_Energy_Intake,NPE_Intake,NPE_PE_Ratio,ME_Total,DryMassTotal
MA,6/14/2019,2,0.75,T,2,117,5147,18.42778441,1.743210368,0.982560984,5.779043664,6.795431396,high,6,8.760734086,Low,6.972841472,27.18172558,8.843048856,23.11617466,31.95922351,4.583385932,38.93206498,15.30024641
SH,6/14/2019,2,0.125,D,2,119,6547,25.58117123,2.588413888,1.366936344,7.919084384,9.349752076,low,6,8.760734086,Low,10.35365555,37.3990083,12.3024271,31.67633754,43.97876463,4.247655759,54.33242018,21.22418669
LA,6/17/2019,3,0,T,4,120,4671,3.623866667,2.190335387,0.356691093,0.204322267,0.326202133,low,6,8.760734086,Low,8.761341548,1.304808532,3.210219837,0.817289068,4.027508905,0.459690891,12.78885045,3.07755088
SI,6/17/2019,4,1,D,3,121,6287,3.58,2.167128,0.541668,0.219264,0.29758,high,6,8.760734086,Low,8.668512,1.19032,4.875012,0.877056,5.752068,0.663558867,14.42058,3.22564
ED,6/17/2019,3,0.5,D,4,122,5562,1.84,1.268288,0.160608,0.049824,0.19936,mid,6,8.760734086,Low,5.073152,0.79744,1.445472,0.199296,1.644768,0.324210274,6.71792,1.67808
PR,6/17/2019,4,0.875,T,3,123,4363,6.821798797,1.188888384,0.403885492,1.841051272,2.250958758,high,6,8.760734086,Low,4.755553536,9.003835032,3.634969428,7.364205088,10.99917452,2.312911511,15.75472805,5.684783906
FT,6/18/2019,5,0.625,T,1,124,6087,36.83626344,4.708192192,2.055347796,10.85548182,12.96026257,mid,6,8.760734086,Low,18.83276877,51.8410503,18.49813016,43.42192726,61.92005743,3.287889221,80.7528262,30.57928438
KI,6/18/2019,5,0.375,D,1,125,6046,18.92646705,2.7614256,1.0545658,5.3718988,6.4924787,mid,6,8.760734086,Low,11.0457024,25.9699148,9.4910922,21.4875952,30.9786874,2.804591893,42.0243898,15.6803689
VN,6/20/2019,6,0.142857143,D,7,126,6019,25.87437123,2.763862208,1.464624904,7.974151984,9.356034876,low,6,8.760734086,Low,11.05544883,37.4241395,13.18162414,31.89660794,45.07823207,4.077467388,56.1336809,21.55867397
CH,6/20/2019,6,0,T,7,127,5580,38.08155685,3.709325312,1.976479356,11.84054398,14.00932231,low,6,8.760734086,Low,14.83730125,56.03728926,17.7883142,47.3621759,65.15049011,4.390993282,79.98779136,31.53567096
SP,6/24/2019,7,0.8,D,11,130,5117,13.05634121,4.310669959,0.771457856,2.789960405,3.686374076,high,6,8.760734086,Low,17.24267984,14.7454963,6.943120704,11.15984162,18.10296232,1.049892621,35.34564216,11.5584623
RS,6/24/2019,8,0.6,D,10,131,6810,21.78107782,2.030796288,1.142562944,6.836637824,8.053163136,mid,6,8.760734086,Low,8.123185152,32.21265254,10.2830665,27.3465513,37.62961779,4.632372288,45.75280294,18.06316019
MW,6/24/2019,8,0,T,10,279,7330,27.56024871,3.026739476,1.460167116,8.457803524,10.0195469,low,6,8.760734086,Low,12.1069579,40.07818759,13.14150404,33.8312141,46.97271814,3.8798118,59.07967604,22.96425701
WK,6/24/2019,7,1,T,11,280,6702,21.46950178,2.887018176,1.278858488,6.288129728,7.450015692,high,6,8.760734086,Low,11.5480727,29.80006277,11.50972639,25.15251891,36.6622453,3.174750129,48.21031801,17.90402208
SJ,6/27/2019,9,0.428571429,D,5,132,5549,29.16035925,4.411974785,1.724150296,8.402176627,10.06062239,mid,6,8.760734086,Low,17.64789914,40.24248957,15.51735266,33.60870651,49.12605917,2.783677467,66.77395831,24.5989241
SS,6/27/2019,9,1,T,5,285,4212,3.094105387,0.652649024,0.227752012,0.787677912,0.942249418,high,6,8.760734086,Low,2.610596096,3.768997672,2.049768108,3.150711648,5.200479756,1.992066013,7.811075852,2.610328366
TH,7/1/2019,10,0.714285714,T,8,133,7313,28.88354673,4.588968862,1.604344548,8.07009189,9.804577278,high,7,11.77498434,Low,18.35587545,39.21830911,14.43910093,32.28036756,46.71946849,2.545205137,65.07534394,24.06798258
OR,7/1/2019,83,0.857142857,T,6,134,6436,19.44910178,1.664843136,0.991904168,6.178172528,7.273964092,high,7,11.77498434,Low,6.659372544,29.09585637,8.927137512,24.71269011,33.63982762,5.051501084,40.29920017,16.10888392
CT,7/1/2019,83,0.571428571,D,6,135,6526,26.33305387,3.75005344,1.43790572,7.49901512,9.07938218,mid,7,11.77498434,Low,15.00021376,36.31752872,12.94115148,29.99606048,42.93721196,2.862440006,57.93742572,21.76635646
CE,7/1/2019,10,0.285714286,D,8,136,6216,1.4868,0.90372768,0.13790744,0.0306604,0.1526972,low,7,11.77498434,Low,3.61491072,0.6107888,1.24116696,0.1226416,1.36380856,0.377273096,4.97871928,1.22499272
PD,7/2/2019,11,0.333333333,T,9,140,6265,41.04712092,3.9310128,2.1379436,12.80473672,15.13326128,mid,7,11.77498434,Low,15.7240512,60.53304512,19.2414924,51.21894688,70.46043928,4.481061425,86.18449048,34.0069544
QD,7/2/2019,11,0.666666667,D,9,281,5126,14.41317364,1.76899168,0.77271584,4.28032064,5.12078696,high,7,11.77498434,Low,7.07596672,20.48314784,6.95444256,17.12128256,24.07572512,3.402464437,31.15169184,11.94281512
RS,7/9/2019,12,0.6,D,10,141,7100,63.20658677,5.683155904,3.265307852,19.94565639,23.49722354,mid,7,11.77498434,Low,22.73262362,93.98889415,29.38777067,79.78262557,109.1703962,4.802366769,131.9030199,52.39134369
SP,7/9/2019,13,0.8,D,11,142,3568,3.00591111,1.334294615,0.29494815,0.21118911,0.558719865,high,7,11.77498434,Low,5.33717846,2.23487946,2.65453335,0.84475644,3.49928979,0.655644142,8.83646825,2.39915174
MW,7/9/2019,12,0,T,10,143,7005,11.29053891,1.259462144,0.592785472,3.415870912,4.072581568,low,7,11.77498434,Low,5.037848576,16.29032627,5.335069248,13.66348365,18.9985529,3.771163942,24.03640147,9.340700096
WK,7/9/2019,13,1,T,11,144,3997,2.921538464,1.906436304,0.330370152,0.088853536,0.30002308,high,7,11.77498434,Low,7.625745216,1.20009232,2.973331368,0.355414144,3.328745512,0.436514127,10.95449073,2.625683072
SJ,7/15/2019,14,0.428571429,D,5,145,5983,5.34,2.894392,0.70494,0.414936,0.668988,mid,7,11.77498434,Low,11.577568,2.675952,6.34446,1.659744,8.004204,0.691354523,19.581772,4.683256
SS,7/15/2019,14,1,T,5,148,5214,3.66,1.711736,0.330588,0.308568,0.664332,high,7,11.77498434,Low,6.846944,2.657328,2.975292,1.234272,4.209564,0.614809176,11.056508,3.015224
CE,7/16/2019,16,0.285714286,D,8,149,2490,23.44,1.765664,1.436136,5.782632,9.625792,low,7,11.77498434,Low,7.062656,38.503168,12.925224,23.130528,36.055752,5.105126457,43.118408,18.610224
VN,7/16/2019,17,0.142857143,D,7,150,5604,4.49593846,2.862028825,0.50541306,0.169342275,0.44342529,low,7,11.77498434,Low,11.4481153,1.77370116,4.54871754,0.6773691,5.22608664,0.456501922,16.67420194,3.98020945
TH,7/16/2019,16,0.714285714,T,8,151,5156,4.32,0.31752,0.264384,1.0692,1.778544,high,7,11.77498434,Low,1.27008,7.114176,2.379456,4.2768,6.656256,5.240816327,7.926336,3.429648
CH,7/16/2019,17,0,T,7,152,5743,16.08819779,6.970471983,1.105368036,3.364931469,2.942898342,low,7,11.77498434,Low,27.88188793,11.77159337,9.948312324,13.45972588,23.4080382,0.839542798,51.28992613,14.38366983
TH,7/17/2019,18,0.714285714,T,8,154,5851,14.84,2.4313,0.829348,3.808296,4.628816,high,7,11.77498434,Low,9.7252,18.515264,7.464132,15.233184,22.697316,2.333866244,32.422516,11.69776
CE,7/17/2019,18,0.285714286,D,8,155,5478,3.408,1.18,0.2305872,0.3362064,0.8055744,low,7,11.77498434,Low,4.72,3.2222976,2.0752848,1.3448256,3.4201104,0.724599661,8.1401104,2.552368
PD,7/17/2019,19,0.333333333,T,9,156,6284,28.78192871,6.725992765,2.345406031,7.327136965,8.718910938,mid,7,11.77498434,Low,26.90397106,34.87564375,21.10865428,29.30854786,50.41720214,1.873968792,77.3211732,25.1174467
QD,7/17/2019,19,0.666666667,D,9,157,6024,16.41735382,3.866753981,1.015759083,3.533782586,5.359285327,high,7,11.77498434,Low,15.46701592,21.43714131,9.141831747,14.13513034,23.27696209,1.504942014,38.74397802,13.77558098
CT,7/21/2019,20,0.571428571,D,6,158,6245,15.64,2.673028,0.744188,8.218464,2.75584,mid,7,11.77498434,Low,10.692112,11.02336,6.697692,32.873856,39.571548,3.70100388,50.26366,14.39152
OR,7/21/2019,20,0.857142857,T,6,159,5105,2.36,0.8485,0.1629,0.72828,0.33872,high,7,11.77498434,Low,3.394,1.35488,1.4661,2.91312,4.37922,1.290282852,7.77322,2.0784
PR,7/22/2019,21,0.875,T,3,160,4570,6.037244444,3.034848614,0.487864684,0.706064844,0.794577866,high,7,11.77498434,Low,12.13939446,3.178311464,4.390782156,2.824259376,7.215041532,0.594349377,19.35443599,5.023356008
MA,7/22/2019,22,0.75,T,2,161,971,0.993333332,0.499221332,0.085808,0.093951148,0.091373332,high,7,11.77498434,Low,1.996885328,0.365493328,0.772272,0.375804592,1.148076592,0.574933661,3.14496192,0.770353812
SH,7/22/2019,22,0.125,D,2,162,1134,2.62461538,2.071102155,0.18118062,0.070257225,0.31386307,low,7,11.77498434,Low,8.28440862,1.25545228,1.63062558,0.2810289,1.91165448,0.230753282,10.1960631,2.63640307
SI,7/22/2019,21,1,D,3,163,5135,6.411053098,4.130475204,0.565662869,0.236495805,0.721728847,high,7,11.77498434,Low,16.52190082,2.886915388,5.090965821,0.94598322,6.036949041,0.365390708,22.55884986,5.654362725
LA,7/23/2019,23,0,T,4,164,6387,17.2724,3.129212741,0.71839097,3.48195579,5.245624,low,7,11.77498434,Low,12.51685096,20.982496,6.46551873,13.92782316,20.39334189,1.629270968,32.91019285,12.5751835
KI,7/23/2019,24,0.375,D,1,165,6576,4.99,1.124552,0.683952,1.698966,1.04034,mid,7,11.77498434,Low,4.498208,4.16136,6.155568,6.795864,12.951432,2.879242578,17.44964,4.54781
ED,7/23/2019,23,0.5,D,4,166,6728,14.29028571,3.267750858,0.565642971,2.883252229,4.115409942,mid,7,11.77498434,Low,13.07100343,16.46163977,5.090786739,11.53300892,16.62379566,1.271807152,29.69479909,10.832056
FT,7/23/2019,24,0.625,T,1,167,6529,2.64,1.630736,0.240336,0.054888,0.27276,mid,7,11.77498434,Low,6.522944,1.09104,2.163024,0.219552,2.382576,0.365260839,8.90552,2.19872
MA,7/25/2019,25,0.75,T,2,168,5232,0.9268,0.61198368,0.09972344,0.0346684,0.0935772,high,7,11.77498434,Low,2.44793472,0.3743088,0.89751096,0.1386736,1.03618456,0.423289294,3.48411928,0.83995272
SH,7/25/2019,25,0.125,D,2,169,5400,2.299999996,1.755944001,0.174444004,0.065151995,0.266819994,low,7,11.77498434,Low,7.023776004,1.067279976,1.569996036,0.26060798,1.830604016,0.260629612,8.85438002,2.262359994
SJ,8/5/2019,26,0.428571429,D,5,170,5336,2.29,0.537184,0.305484,0.769122,0.4782,mid,8,14.46787252,Low,2.148736,1.9128,2.749356,3.076488,5.825844,2.711288869,7.97458,2.08999
SS,8/5/2019,26,1,T,5,171,6490,0.99,0.428288,0.115548,0.168114,0.14824,high,8,14.46787252,Low,1.713152,0.59296,1.039932,0.672456,1.712388,0.999554038,3.42554,0.86019
VN,8/6/2019,27,0.142857143,D,7,172,4829,5.772040132,4.366829261,0.638272574,0.115858165,0.608940198,low,8,14.46787252,Low,17.46731704,2.435760792,5.744453166,0.46343266,6.207885826,0.355400077,23.67520287,5.729900198
CT,8/6/2019,28,0.571428571,D,6,173,5050,9.409254192,6.358674687,1.395603773,0.23412214,0.957333688,mid,8,14.46787252,Low,25.43469875,3.829334752,12.56043396,0.93648856,13.49692252,0.530649985,38.93162127,8.945734288
OR,8/6/2019,28,0.857142857,T,6,174,5100,4.2266087,1.5090386,0.325622125,0.356744075,1.03781225,high,8,14.46787252,Low,6.0361544,4.151249,2.930599125,1.4269763,4.357575425,0.721912519,10.39372983,3.22921705
CH,8/6/2019,27,0,T,7,175,6791,4.084347832,1.958080336,0.656112874,0.64078679,0.562021748,low,8,14.46787252,Low,7.832321344,2.248086992,5.905015866,2.56314716,8.468163026,1.081181766,16.30048437,3.817001748
CE,8/8/2019,29,0.285714286,D,8,176,5057,6.65348387,0.961513031,0.105731457,0.89425827,2.352076205,low,8,14.46787252,Low,3.846052124,9.40830482,0.951583113,3.57703308,4.528616193,1.177471352,8.374668317,4.313578963
TH,8/8/2019,29,0.714285714,T,8,283,4810,2.444,1.05512,0.1304736,0.1481232,0.4965872,high,8,14.46787252,Low,4.22048,1.9863488,1.1742624,0.5924928,1.7667552,0.418614755,5.9872352,1.830304
PD,8/9/2019,30,0.333333333,T,9,177,4954,17.46565219,3.646021657,0.472173132,2.31907522,7.612428264,mid,8,14.46787252,Low,14.58408663,30.44971306,4.249558188,9.27630088,13.52585907,0.927439573,28.1099457,14.04969827
QD,8/9/2019,30,0.666666667,D,9,178,7179,3.633478264,2.018427472,0.464644698,0.48951783,0.306017396,high,8,14.46787252,Low,8.073709888,1.224069584,4.181802282,1.95807132,6.139873602,0.760477363,14.21358349,3.278607396
RS,8/13/2019,31,0.6,D,10,179,4547,14.94113044,3.34854712,1.07378703,3.35058465,3.56773406,mid,8,14.46787252,Low,13.39418848,14.27093624,9.66408327,13.4023386,23.06642187,1.722121643,36.46061035,11.34065286
WK,8/13/2019,32,1,T,11,180,5045,0.87444816,0.674153524,0.087914276,0.0191722,0.09555224,high,8,14.46787252,Low,2.696614096,0.38220896,0.791228484,0.0766888,0.867917284,0.321854464,3.56453138,0.87679224
MW,8/13/2019,31,0,T,10,181,4612,3.7086,1.43058216,0.27454908,0.5586324,0.696406,low,8,14.46787252,Low,5.72232864,2.785624,2.47094172,2.2345296,4.70547132,0.822300084,10.42779996,2.96016964
SP,8/13/2019,32,0.8,D,11,182,5083,5.336722404,3.489706873,0.523554122,0.418459005,0.715963606,high,8,14.46787252,Low,13.95882749,2.863854424,4.711987098,1.67383602,6.385823118,0.45747561,20.34465061,5.147683606
SI,8/16/2019,34,1,D,3,184,5646,16.38733333,1.733379334,1.066132666,4.525705866,4.910582666,high,8,14.46787252,Low,6.933517336,19.64233066,9.595193994,18.10282346,27.69801746,3.994800347,34.63153479,12.23580053
PR,8/16/2019,34,0.875,T,3,277,4939,13.03,2.35265,0.67988,4.291864,3.82048,high,8,14.46787252,Low,9.4106,15.28192,6.11892,17.167456,23.286376,2.474483667,32.696976,11.144874
KI,8/19/2019,36,0.375,D,1,185,5716,30.91272727,6.37181818,1.03970909,5.17782182,8.49902182,mid,8,14.46787252,Low,25.48727272,33.99608728,9.35738181,20.71128728,30.06866909,1.179752319,55.55594181,21.08837091
FT,8/19/2019,36,0.625,T,1,186,5237,26.27361742,4.891731482,7.526568938,1.746865714,9.168139662,mid,8,14.46787252,Low,19.56692593,36.67255865,67.73912044,6.987462856,74.7265833,3.819025205,94.29350923,23.3333058
SH,8/19/2019,37,0.125,D,2,187,5682,17.29826088,3.475980266,4.236273644,3.84629608,4.752011298,low,8,14.46787252,Low,13.90392106,19.00804519,38.1264628,15.38518432,53.51164712,3.84867311,67.41556818,16.31056129
MA,8/19/2019,37,0.75,T,2,188,6267,16.76209032,3.714433896,0.897641192,3.04452552,4.46416868,high,8,14.46787252,Low,14.85773558,17.85667472,8.078770728,12.17810208,20.25687281,1.36338897,35.11460839,12.12076929
ED,8/22/2019,38,0.5,D,4,189,7138,37.82559999,8.666527356,2.811667678,6.818044404,12.288222,mid,8,14.46787252,Low,34.66610942,49.15288802,25.3050091,27.27217762,52.57718672,1.516673996,87.24329614,30.58446144
LA,8/22/2019,38,0,T,4,190,6505,34.24900001,4.516022013,5.157678987,6.653903187,11.65650799,low,8,14.46787252,Low,18.06408805,46.62603195,46.41911088,26.61561275,73.03472363,4.043089439,91.09881168,27.98411217
WK,8/26/2019,39,1,T,11,191,5506,1.14,0.706192,0.097272,0.019416,0.12,high,8,14.46787252,Low,2.824768,0.48,0.875448,0.077664,0.953112,0.337412488,3.77788,0.94288
SP,8/26/2019,39,0.8,D,11,192,6273,1.177008696,0.492692048,0.160128042,0.04027207,0.303762644,high,8,14.46787252,Low,1.970768192,1.215050576,1.441152378,0.16108828,1.602240658,0.813003104,3.57300885,0.996854804
MW,8/26/2019,40,0,T,10,193,4889,5.69304348,3.52760904,0.52651861,0.07183235,0.58800522,low,8,14.46787252,Low,14.11043616,2.35202088,4.73866749,0.2873294,5.02599689,0.356190045,19.13643305,4.71396522
RS,8/26/2019,40,0.6,D,10,194,5953,14.74615384,4.62237354,1.04450816,3.8720383,3.83029076,mid,8,14.46787252,Low,18.48949416,15.32116304,9.40057344,15.4881532,24.88872664,1.346101003,43.3782208,13.36921076
QD,8/27/2019,41,0.666666667,D,9,195,6041,8.920000004,2.471846822,1.260639128,2.68220878,1.847490006,high,8,14.46787252,Low,9.887387288,7.389960024,11.34575215,10.72883512,22.07458727,2.232600649,31.96197456,8.262184736
PD,8/27/2019,41,0.333333333,T,9,196,5083,6.597391308,2.728881384,0.864371481,1.261707135,1.040046962,mid,8,14.46787252,Low,10.91552554,4.160187848,7.779343329,5.04682854,12.82617187,1.175039335,23.74169741,5.895006962
OR,9/2/2019,42,0.857142857,T,6,197,5459,3.426666672,2.31301866,0.425077335,0.067170673,0.298933338,high,9,70.57240697,High,9.25207464,1.195733352,3.825696015,0.268682692,4.094378707,0.442536281,13.34645335,3.104200006
CT,9/2/2019,42,0.571428571,D,6,284,7106,9.2308,4.568792775,0.87489289,0.825574033,1.3819432,mid,9,70.57240697,High,18.2751711,5.5277728,7.87403601,3.302296132,11.17633214,0.611558277,29.45150324,7.651202898
CH,9/4/2019,43,0,T,7,198,5250,6.86048387,2.987701031,0.464699257,0.99609987,1.423695805,low,9,70.57240697,High,11.95080412,5.69478322,4.182293313,3.98439948,8.166692793,0.683359271,20.11749692,5.872195963
VN,9/4/2019,43,0.142857143,D,7,199,5606,23.17073334,7.495723584,4.202817576,2.910939856,6.017386256,low,9,70.57240697,High,29.98289434,24.06954502,37.82535818,11.64375942,49.46911761,1.649911348,79.45201194,20.62686727
SJ,9/4/2019,44,0.428571429,D,5,200,1628,4.47565218,1.49511529,0.555070635,0.841309335,1.04875827,mid,9,70.57240697,High,5.98046116,4.19503308,4.995635715,3.36523734,8.360873055,1.398031495,14.34133422,3.94025353
SS,9/4/2019,44,1,T,5,201,1987,2.94,0.337888,0.089888,1.067904,1.11532,high,9,70.57240697,High,1.351552,4.46128,0.808992,4.271616,5.080608,3.75909177,6.43216,2.611
SJ,9/9/2019,45,0.428571429,D,5,202,6088,11.63098261,2.834658856,0.653110839,3.132488345,3.552745918,mid,9,70.57240697,High,11.33863542,14.21098367,5.877997551,12.52995338,18.40795093,1.623471453,29.74658636,10.17300396
SS,9/9/2019,45,1,T,5,203,4667,4.554130436,0.771703128,0.213274827,1.470377045,1.573305654,high,9,70.57240697,High,3.086812512,6.293222616,1.919473443,5.88150818,7.800981623,2.52719645,10.88779414,4.028660654
TH,9/10/2019,46,0.714285714,T,8,204,5710,7.134110671,2.638321194,1.116959732,1.706510891,1.202864196,high,9,70.57240697,High,10.55328478,4.811456784,10.05263759,6.826043564,16.87868115,1.59937702,27.43196593,6.664656013
CE,9/10/2019,46,0.285714286,D,8,205,5444,5.807391312,2.187329376,0.972751484,1.39346914,0.965446968,low,9,70.57240697,High,8.749317504,3.861787872,8.754763356,5.57387656,14.32863992,1.637686586,23.07795742,5.518996968
LA,9/12/2019,47,0,T,4,206,6418,25.43515327,4.468926023,4.697331829,3.555985819,8.370397912,low,9,70.57240697,High,17.87570409,33.48159165,42.27598646,14.22394328,56.49992974,3.16071073,74.37563383,21.09264158
FT,9/12/2019,48,0.625,T,1,207,6121,18.69833846,3.505621984,1.253685592,4.072799936,6.48770828,mid,9,70.57240697,High,14.02248794,25.95083312,11.28317033,16.29119974,27.57437007,1.966439208,41.59685801,15.31981579
ED,9/12/2019,47,0.5,D,4,208,6579,18.88453334,8.088340055,2.094132425,2.021931465,3.498841465,mid,9,70.57240697,High,32.35336022,13.99536586,18.84719183,8.08772586,26.93491769,0.832523036,59.28827791,15.70324541
KI,9/12/2019,48,0.375,D,1,209,6570,41.87303636,4.863946748,1.380015174,14.00005109,15.23832669,mid,9,70.57240697,High,19.45578699,60.95330677,12.42013657,56.00020437,68.42034093,3.516708985,87.87612793,35.48233971
SH,9/16/2019,49,0.125,D,2,274,6488,72.81563774,6.395069923,4.815120639,25.75373941,28.41467772,low,9,70.57240697,High,25.58027969,113.6587109,43.33608575,103.0149576,146.3510434,5.721244847,171.9313231,65.37860768
SI,9/16/2019,50,1,D,3,275,5546,32.50202115,3.623948535,1.379408852,11.63943526,11.92847567,high,9,70.57240697,High,14.49579414,47.71390266,12.41467967,46.55774105,58.97242072,4.06824353,73.46821486,28.57126832
PR,9/16/2019,50,0.875,T,3,278,3864,47.845,2.890548,1.336473,18.742584,19.17763,high,9,70.57240697,High,11.562192,76.71052,12.028257,74.970336,86.998593,7.524403072,98.560785,42.147235
MA,9/16/2019,49,0.75,T,2,282,5174,12.64315054,2.231833299,0.899381389,3.659765202,4.335453137,high,9,70.57240697,High,8.927333196,17.34181255,8.094432501,14.63906081,22.73349331,2.546504405,31.66082651,11.12643303
RS,9/17/2019,51,0.6,D,10,210,7029,155.715,6.025532,4.016407,63.297756,64.14709,mid,9,70.57240697,High,24.102128,256.58836,36.147663,253.191024,289.338687,12.00469465,313.440815,137.486785
MW,9/17/2019,51,0,T,10,211,6718,178.315,7.473292,4.561467,72.025536,73.25569,low,9,70.57240697,High,29.893168,293.02276,41.053203,288.102144,329.155347,11.011056,359.048515,157.315985
WK,9/18/2019,52,1,T,11,212,5504,27.1644,2.75674944,0.86125752,9.8550272,10.2898976,high,9,70.57240697,High,11.02699776,41.1595904,7.75131768,39.4201088,47.17142648,4.277812285,58.19842424,23.76293176
SP,9/18/2019,52,0.8,D,11,213,6081,71.5504087,10.23151898,2.574209387,24.00728507,25.61325424,high,9,70.57240697,High,40.92607593,102.453017,23.16788448,96.02914026,119.1970247,2.912495812,160.1231007,62.42626768
PD,9/20/2019,53,0.333333333,T,9,214,5425,12.28029921,3.330629629,1.611930829,3.239748732,4.342595475,mid,9,70.57240697,High,13.32251852,17.3703819,14.50737746,12.95899493,27.46637239,2.061650157,40.78889091,12.52490467
QD,9/20/2019,53,0.666666667,D,9,215,5771,19.85335969,4.994333232,2.403329464,6.38215222,4.737552632,high,9,70.57240697,High,19.97733293,18.95021053,21.62996518,25.52860888,47.15857406,2.360604102,67.13590698,18.51736755
SJ,9/23/2019,54,0.428571429,D,5,216,6710,64.27345798,8.087542145,4.135490675,22.65571967,24.40836124,mid,9,70.57240697,High,32.35016858,97.63344496,37.21941608,90.62287868,127.8422948,3.951827776,160.1924633,59.28711373
SS,9/23/2019,54,1,T,5,221,6127,24.73673913,4.075211652,0.98801187,7.930477565,8.518601304,high,9,70.57240697,High,16.30084661,34.07440522,8.89210683,31.72191026,40.61401709,2.491528082,56.9148637,21.51230239
VN,9/30/2019,55,0.142857143,D,7,219,4879,32.11943154,7.434762958,10.16606817,1.303447017,10.8015879,low,9,70.57240697,High,29.73905183,43.20635158,91.49461356,5.213788068,96.70840163,3.251899293,126.4474535,29.70586604
CH,9/30/2019,55,0,T,7,220,5933,30.57714385,11.31117413,7.231028901,1.58456454,7.912404043,low,9,70.57240697,High,45.24469653,31.64961617,65.07926011,6.33825816,71.41751827,1.5784727,116.6622148,28.03917162
TH,10/1/2019,56,0.714285714,T,8,222,3789,19.49965056,4.259525721,6.729973067,0.66014218,6.837794115,high,10,29.0961191,High,17.03810288,27.35117646,60.5697576,2.64056872,63.21032632,3.709939232,80.24842921,18.48743508
CE,10/1/2019,56,0.285714286,D,8,223,5725,9.76913044,4.80715112,0.94097783,0.64718905,1.78546366,low,10,29.0961191,High,19.22860448,7.14185464,8.46880047,2.5887562,11.05755667,0.575057679,30.28616115,8.18078166
OR,10/3/2019,57,0.857142857,T,6,224,7416,21.56040516,6.18852954,4.945766436,2.444304237,6.489269978,high,10,29.0961191,High,24.75411816,25.95707991,44.51189792,9.777216948,54.28911487,2.193134674,79.04323303,20.06787019
CT,10/3/2019,57,0.571428571,D,6,225,7097,38.92174516,16.10574151,3.265153916,5.749111088,7.97022514,mid,10,29.0961191,High,64.42296606,31.88090056,29.38638524,22.99644435,52.3828296,0.813108008,116.8057957,33.09023166
ED,10/4/2019,59,0.5,D,4,227,6732,99.29240007,15.22359031,23.46308785,11.73402313,37.51382153,mid,10,29.0961191,High,60.89436126,150.0552861,211.1677906,46.9360925,258.1038831,4.238551449,318.9982444,87.93452281
LA,10/4/2019,59,0,T,4,228,5755,97.21446675,13.58728186,25.71765849,10.65183061,37.52260045,low,10,29.0961191,High,54.34912744,150.0904018,231.4589264,42.60732244,274.0662488,5.042698232,328.4153763,87.47937141
MA,10/7/2019,61,0.75,T,2,230,7600,46.24,4.854656,2.88456,10.806288,18.205504,high,10,29.0961191,High,19.418624,72.822016,25.96104,43.225152,69.186192,3.562878194,88.604816,36.751008
FT,10/7/2019,62,0.625,T,1,231,6354,45.96130112,9.643229443,13.95630613,4.495930359,14.61601023,mid,10,29.0961191,High,38.57291777,58.46404092,125.6067552,17.98372144,143.5904766,3.722572336,182.1633944,42.71147616
KI,10/7/2019,62,0.375,D,1,232,5327,71.89072735,14.48149571,20.45985321,7.477625675,22.8311763,mid,10,29.0961191,High,57.92598282,91.32470518,184.1386788,29.9105027,214.0491815,3.695218814,271.9751644,65.25015088
SH,10/7/2019,61,0.125,D,2,233,6752,39.2,2.8812,2.39904,9.702,16.13864,low,10,29.0961191,High,11.5248,64.55456,21.59136,38.808,60.39936,5.240816327,71.92416,31.12088
PR,10/8/2019,63,0.875,T,3,234,6791,77.41060645,7.257616865,4.919448935,18.51653685,31.00116088,high,10,29.0961191,High,29.03046746,124.0046435,44.27504042,74.0661474,118.3411878,4.07644789,147.3716553,61.69476353
SI,10/8/2019,63,1,D,3,235,6650,143.3491667,15.01458071,18.72755979,28.46464029,57.15341829,high,10,29.0961191,High,60.05832283,228.6136732,168.5480381,113.8585612,282.4065993,4.702205889,342.4649221,119.3601991
QD,10/10/2019,64,0.666666667,D,9,236,5862,17.04563816,5.688568956,1.809600982,2.48710697,4.61033724,high,10,29.0961191,High,22.75427582,18.44134896,16.28640884,9.94842788,26.23483672,1.152962939,48.98911254,14.59561415
PD,10/10/2019,64,0.333333333,T,9,237,6317,16.98214545,2.439449396,1.108445898,3.712971164,6.349372764,mid,10,29.0961191,High,9.757797584,25.39749106,9.976013082,14.85188466,24.82789774,2.544416148,34.58569532,13.61023922
RS,10/11/2019,65,0.6,D,10,238,6473,21.64071813,11.37650283,3.116796014,3.41378979,2.124361192,mid,10,29.0961191,High,45.50601131,8.497444768,28.05116413,13.65515916,41.70632329,0.916501405,87.2123346,20.03144982
MW,10/11/2019,65,0,T,10,239,5657,11.14366958,4.869722121,1.481173418,1.394548892,2.148205576,low,10,29.0961191,High,19.47888848,8.592822304,13.33056076,5.578195568,18.90875633,0.970730766,38.38764481,9.893650007
SP,10/14/2019,66,0.8,D,11,240,7019,10.82167927,5.181304336,1.160049048,0.655840651,1.952924702,high,10,29.0961191,High,20.72521734,7.811698808,10.44044143,2.623362604,13.06380404,0.630333753,33.78902138,8.950118737
WK,10/14/2019,66,1,T,11,241,6080,10.62860435,6.349151776,1.112604604,0.28282184,1.266750728,high,10,29.0961191,High,25.3966071,5.067002912,10.01344144,1.13128736,11.1447288,0.438827468,36.5413359,9.011328948
VN,10/16/2019,67,0.142857143,D,7,242,6586,46.72126669,6.796349649,8.144487991,7.227134111,17.67674371,low,10,29.0961191,High,27.1853986,70.70697484,73.30039192,28.90853644,102.2089284,3.759699458,129.394327,39.84471546
CH,10/16/2019,67,0,T,7,243,6187,44.92061183,8.892710096,3.722145428,8.834560212,15.43053007,low,10,29.0961191,High,35.57084038,61.72212029,33.49930885,35.33824085,68.8375497,1.93522416,104.4083901,36.87994581
TH,10/16/2019,68,0.714285714,T,8,244,3809,8.6680348,4.380361474,1.34972392,0.646097852,1.5579946,high,10,29.0961191,High,17.5214459,6.2319784,12.14751528,2.584391408,14.73190669,0.840792865,32.25335258,7.934177846
CE,10/16/2019,68,0.285714286,D,8,245,3144,4.411413048,2.682801514,0.644680661,0.129275235,0.597634572,low,10,29.0961191,High,10.73120606,2.390538288,5.802125949,0.51710094,6.319226889,0.588864556,17.05043295,4.054391982
OR,10/17/2019,69,0.857142857,T,6,246,6019,23.58553442,7.985394501,2.897200761,4.291257846,5.41742422,high,10,29.0961191,High,31.941578,21.66969688,26.07480685,17.16503138,43.23983823,1.353716408,75.18141624,20.59127733
CT,10/17/2019,69,0.571428571,D,6,247,6923,45.53266384,13.06363161,4.130070384,9.751961196,10.97759138,mid,10,29.0961191,High,52.25452644,43.91036552,37.17063346,39.00784478,76.17847824,1.457835013,128.4330047,37.92325457
CE,10/18/2019,70,0.285714286,D,8,248,3917,4.210000002,1.958148002,0.779737998,0.086623998,0.845539998,low,10,29.0961191,High,7.832592008,3.382159992,7.017641982,0.346495992,7.364137974,0.940191697,15.19672998,3.670049996
SS,10/18/2019,71,1,T,5,249,5038,44.41448281,7.919983789,14.95029489,2.83983842,16.02489443,high,10,29.0961191,High,31.67993516,64.09957772,134.552654,11.35935368,145.9120077,4.605817752,177.5919429,41.73501153
SJ,10/18/2019,71,0.428571429,D,5,250,6436,59.93841594,14.81942738,17.51616289,3.508078102,19.22405375,mid,10,29.0961191,High,59.27770953,76.89621501,157.645466,14.03231241,171.6777784,2.896160796,230.955488,55.06772213
TH,10/18/2019,70,0.714285714,T,8,251,3495,11.81345518,1.595914154,1.971300997,2.449551001,4.062494849,high,10,29.0961191,High,6.383656616,16.2499794,17.74170897,9.798204004,27.53991298,4.314128192,33.92356959,10.079261
PR,10/29/2019,72,0.875,T,3,252,6936,45.23625005,8.604056304,15.35201745,1.882938696,17.23620495,high,10,29.0961191,High,34.41622522,68.94481978,138.168157,7.531754784,145.6999118,4.233465782,180.116137,43.07521739
SI,10/29/2019,72,1,D,3,253,7356,86.44604902,11.38393462,20.42638059,13.98242091,31.18003295,high,10,29.0961191,High,45.53573848,124.7201318,183.8374253,55.92968364,239.7671089,5.265470967,285.3028474,76.97276906
ED,10/30/2019,73,0.5,D,4,254,6551,22.958,9.500574896,1.8993284,2.90219072,4.499412,mid,10,29.0961191,High,38.00229958,17.997648,17.0939556,11.60876288,28.70271848,0.75528899,66.70501806,18.80150602
LA,10/30/2019,73,0,T,4,255,6412,53.11368411,10.56815477,15.56590343,3.67880148,19.27436991,low,10,29.0961191,High,42.27261909,77.09747962,140.0931309,14.71520592,154.8083368,3.662142071,197.0809559,49.08722959
FT,11/1/2019,74,0.625,T,1,256,6034,7.99,4.010478696,0.598996,0.41160672,1.3383,mid,11,48.12151099,High,16.04191478,5.3532,5.390964,1.64642688,7.03739088,0.438687711,23.07930566,6.359381416
MA,11/1/2019,75,0.75,T,2,257,7633,51.592,23.86133295,4.2080936,4.44077664,9.512528,high,11,48.12151099,High,95.44533181,38.050112,37.8728424,17.76310656,55.63594896,0.582909063,151.0812808,42.02273119
KI,11/1/2019,74,0.375,D,1,258,5527,40.03018745,9.248112047,12.72959965,1.81411768,13.4909321,mid,11,48.12151099,High,36.99244819,53.96372841,114.5663969,7.25647072,121.8228676,3.293182083,158.8153158,37.28276148
SH,11/1/2019,75,0.125,D,2,259,5843,19.99773332,5.877141466,1.876140836,2.014144516,5.934527574,low,11,48.12151099,High,23.50856586,23.7381103,16.88526752,8.056578064,24.94184559,1.060968403,48.45041145,15.70195439
PD,11/4/2019,76,0.333333333,T,9,260,6869,91.64,6.151472,0.897072,28.0618557,6.80324,mid,11,48.12151099,High,24.605888,27.21296,8.073648,112.2474228,120.3210708,4.889930036,144.9269588,41.9136397
QD,11/4/2019,76,0.666666667,D,9,261,6804,80.40118462,8.032541156,1.350743178,23.38104843,6.11896397,high,11,48.12151099,High,32.13016462,24.47585588,12.1566886,93.52419374,105.6808823,3.289148486,137.811047,38.88329674
RS,11/11/2019,77,0.6,D,10,262,7076,56.10644937,16.45499544,18.64125126,1.48993158,17.20024724,mid,11,48.12151099,High,65.81998175,68.80098896,167.7712613,5.95972632,173.7309876,2.639487022,239.5509694,53.78642552
MW,11/11/2019,77,0,T,10,263,5029,25.18978724,1.989553284,1.710989956,8.547819882,7.884769374,low,11,48.12151099,High,7.958213136,31.5390775,15.3989096,34.19127953,49.59018913,6.231322067,57.54840227,20.1331325
RS,11/12/2019,78,0.6,D,10,264,6172,57.05006553,14.11563816,19.40023151,1.716268477,19.0266348,mid,11,48.12151099,High,56.46255265,76.1065392,174.6020836,6.865073908,181.4671575,3.213938247,237.9297101,54.25877295
MW,11/12/2019,78,0,T,10,265,6110,11.31159422,4.035641582,3.162292318,0.358912758,3.056717978,low,11,48.12151099,High,16.14256633,12.22687191,28.46063086,1.435651032,29.89628189,1.852015428,46.03884822,10.61356464
PD,11/14/2019,79,0.333333333,T,9,266,5659,6.385711463,2.802273934,0.677093916,0.588305195,0.835029152,mid,11,48.12151099,High,11.20909574,3.340116608,6.093845244,2.35322078,8.447066024,0.753590318,19.65616176,4.902702197
QD,11/14/2019,79,0.666666667,D,9,267,6572,15.03346667,6.477835391,1.010630773,1.320859147,2.061010533,high,11,48.12151099,High,25.91134156,8.244042132,9.095676957,5.283436588,14.37911355,0.554935124,40.29045511,10.87033584
CH,11/15/2019,80,0,T,7,268,6001,113.1706452,11.54721873,12.19183565,23.85368514,45.10924372,low,11,48.12151099,High,46.18887492,180.4369749,109.7265209,95.41474055,205.1412614,4.441356534,251.3301364,92.70198324
VN,11/15/2019,80,0.142857143,D,7,269,5415,76.805,10.26691001,5.160268999,17.17260728,28.79218,low,11,48.12151099,High,41.06764002,115.16872,46.44242099,68.69042912,115.1328501,2.803493214,156.2004901,61.39196628
SJ,11/18/2019,81,0.428571429,D,5,270,7212,38.22268616,10.01145153,2.086225761,6.109854991,6.192392399,mid,11,48.12151099,High,40.0458061,24.7695696,18.77603185,24.43941996,43.21545181,1.079150503,83.26125792,24.39992468
SS,11/18/2019,81,1,T,5,271,6415,24.64169962,5.297438848,1.63732917,4.359196618,3.534750796,high,11,48.12151099,High,21.18975539,14.13900318,14.73596253,17.43678647,32.172749,1.518316205,53.36250439,14.82871543
TH,11/19/2019,82,0.714285714,T,8,272,6120,59.63580463,6.95121807,8.979873214,11.50155433,14.67279494,high,11,48.12151099,High,27.80487228,58.69117977,80.81885893,46.00621733,126.8250763,4.561253689,154.6299485,42.10544056
CE,11/19/2019,82,0.285714286,D,8,273,6210,24.77598201,2.968508278,1.23513299,5.674179158,6.03413664,low,11,48.12151099,High,11.87403311,24.13654656,11.11619691,22.69671663,33.81291354,2.847635106,45.68694665,15.91195707
